{"pass@1": 0.20091463414634148, "pass@5": 0.2246284987037177, "pass@10": 0.23448197200368162, "pass@20": 0.25}