{"pass@1": 0.0375, "pass@5": 0.04634169938835612, "pass@10": 0.04813863928112966, "pass@20": 0.04878048780487805}