{"pass@1": 0.12682926829268293, "pass@5": 0.1400095018752045, "pass@10": 0.1442460167635732, "pass@20": 0.14634146341463414}