{"pass@1": 0.14237804878048776, "pass@5": 0.16177532469984143, "pass@10": 0.16677642470042228, "pass@20": 0.17073170731707318}