{"pass@1": 0.04878048780487805, "pass@5": 0.06600185003398022, "pass@10": 0.07119581317270662, "pass@20": 0.07317073170731707}