{"pass@1": 0.0423780487804878, "pass@5": 0.048419448010269574, "pass@10": 0.04877830958590605, "pass@20": 0.04878048780487805}