{"pass@1": 0.042682926829268296, "pass@5": 0.05217261005814392, "pass@10": 0.05782772030506683, "pass@20": 0.06707317073170732}