{"pass@1": 0.044817073170731705, "pass@5": 0.051326644264894666, "pass@10": 0.05343352656555859, "pass@20": 0.054878048780487805}