{"pass@1": 0.041463414634146344, "pass@5": 0.042682926829268296, "pass@10": 0.042682926829268296, "pass@20": 0.042682926829268296}